Symbol,Profit
PRO,0
MCBC,1
LINC,0
FLDM,0
ECHO,1
DISH,0
NRCIA,1
NAT,0
FTNT,1
GIS,1
ASC,0
WRE,1
QRHC,0
ROST,1
HIBB,0
HIL,1
NTRS,1
VRTX,1
WAGE,1
IO,0
ZBH,1
BMI,1
GPT,1
DY,1
NUVA,1
YUME,0
CMS,1
ATNI,1
TEN,1
EXC,1
ORI,1
LYB,1
REI,1
MACK,0
PEP,1
AAMC,0
CBRL,1
PACW,1
AXP,1
FPRX,1
SAFT,1
GES,0
BDGE,1
ARW,1
ICON,0
MHLD,0
HZO,1
NYMT,1
ASTE,1
SPR,1
ACXM,0
COLM,1
AIMC,1
TECD,1
DYN,0
IBTX,1
CRZO,0
NATH,1
NWLI,1
MYGN,1
TRNO,1
LRN,0
LEE,0
NRIM,1
TRGP,0
BDN,1
WNC,1
NCI,1
IBCP,1
FBNC,1
INCY,1
SRDX,1
NPK,1
RSG,1
HSY,1
SNPS,1
TSCO,1
BKH,1
HY,0
HMST,1
HST,1
SEIC,1
LL,0
STL,1
RTN,1
GLRE,0
VTR,1
XRX,0
TPC,1
BZH,0
SNV,1
SAFM,1
CBK,0
LEA,1
ISRL,0
PATK,1
CMO,1
SYX,1
OSIS,1
OLED,1
MTRN,1
UHAL,1
CUB,1
PX,1
IPCC,1
ETR,1
RBCN,0
CNO,1
STAG,1
BR,1
ELGX,0
FII,1
AMSF,1
RS,1
SLRC,1
UVV,1
VG,1
DEL,1
MOV,0
BLMN,0
DJCO,1
BKE,0
HMTV,0
IMMU,1
CBL,0
MCF,0
FOE,1
KRG,0
VAR,1
CORE,1
DGICA,1
NPO,1
GPK,1
WSO,1
MAN,1
FCN,1
GWW,1
CCOI,1
HA,1
LCI,0
BMS,1
HLF,0
KRC,1
WAL,1
HSII,1
RELL,0
CE,1
FCFS,1
TNDM,0
SYNA,0
ARTNA,1
BBGI,1
TAHO,0
MDXG,1
TLYS,1
WRB,1
EBF,1
LPNT,0
CR,1
BMY,1
SFNC,1
XCRA,1
CI,1
TRK,1
COWN,0
TAX,0
BBSI,0
CASY,1
SUP,0
BHLB,1
MSEX,1
DAL,1
SSYS,0
FL,1
ADC,1
EGY,0
HFC,1
SSNI,0
MO,1
FICO,1
DKS,0
V,1
MTN,1
JCI,1
CMRX,0
AINV,1
GOGO,0
HPQ,1
TAL,1
UPS,1
FNB,1
EXP,1
ATRI,1
HTGC,1
LB,1
MAR,1
NFBK,1
MTD,1
WEC,1
CARB,1
TSC,1
UTX,1
CCMP,1
CHK,0
ARQL,0
ARNA,0
NPTN,0
ATSG,1
BLDR,1
CHEF,0
DOV,1
NEE,1
DBD,0
TGT,1
SGYP,0
APAM,0
DHR,1
VSH,1
ADI,1
SBAC,1
GPRE,0
ESS,1
BABY,1
ALKS,1
SGEN,1
G,1
KAR,1
BAC,1
TREC,1
VIAB,0
AOS,1
CCL,1
ROLL,1
EROS,0
RYN,1
TRS,0
CAH,0
GHDX,1
ABM,1
GLUU,0
UMH,1
GIFI,0
VSI,0
AIR,1
TTGT,1
OMI,0
CACI,1
JBHT,1
NHI,1
DIN,0
PTEN,0
CRI,1
JWN,0
KIN,0
ESRX,1
SMCI,1
CPS,1
PCYG,0
ATU,0
VICL,0
PODD,1
CYTX,0
BSRR,1
STC,1
EXPE,1
SASR,1
SGY,0
TWO,0
KR,1
ETM,1
NKSH,1
PBF,1
PENN,1
STBZ,1
VTNR,0
NWPX,0
MBWM,1
AMWD,1
TPRE,0
AMT,1
OXM,1
SDRL,0
ARRY,1
EGBN,1
DEPO,0
FISV,1
CHCO,1
PCG,1
TDY,1
DXCM,1
MGEE,1
CROX,0
ARRS,1
AVEO,1
TESS,0
WHF,1
CVGI,1
STWD,1
GSM,0
SB,0
PLAB,0
ABAX,1
VRTS,0
JCOM,1
TPX,1
LMNX,1
TPH,0
CORR,1
CFFI,1
SSI,0
MDCO,0
SBNY,1
KNL,1
FMI,1
NMIH,1
CWST,1
MDCA,0
BXC,0
MXL,1
I,0
SF,1
SPPI,1
KEG,0
RGC,1
ESNT,1
ATHN,1
GRMN,1
HAL,1
HRTX,1
UBA,1
ANCX,1
REGN,1
OIS,0
EGOV,0
UFCS,1
TTEK,1
GS,1
LDL,1
SCHN,1
XLNX,1
PEGA,1
UBNK,1
MNTA,0
ITW,1
SVU,0
CZR,0
HAS,1
HCI,0
ABMD,1
AVGO,1
NFG,0
NBIX,1
ANGO,1
SPLK,1
VLO,1
WMGI,0
AZO,1
NEM,1
GLOG,1
WSBC,1
HOMB,1
FOX,1
MNR,1
KIM,1
ORCL,1
PKG,1
LXU,0
XEC,1
QUIK,0
CACC,1
AEP,1
SEE,1
NSM,0
DAR,0
ERA,0
ISCA,1
FLIC,1
BANR,1
PTIE,0
XXII,1
INSM,1
AMPE,0
QUAD,1
SWK,1
ISSC,0
BLUE,1
CASH,1
EQIX,1
STRA,1
WTI,0
SKT,0
BG,0
PPC,1
PZG,1
TCO,1
VPG,1
CNSL,0
HRC,1
AFH,1
PZN,1
CLDX,0
SALM,0
LION,1
NYLD,0
BJRI,1
VRNT,0
GGG,0
ICE,1
AGO,1
GBL,0
TWIN,1
LORL,0
MTG,1
WLK,1
IXYS,1
PTSI,1
CVX,1
GCO,0
JOE,0
PGTI,1
UNT,0
F,0
CF,1
GPS,0
CLR,0
CAR,1
CW,1
MEIP,0
AOI,0
NNBR,1
ZAGG,1
ALSN,1
ICFI,1
SYY,1
MVC,1
DSW,0
WIFI,1
IPGP,1
FRGI,0
MGM,1
PLXS,1
PKD,0
ZBRA,1
YUM,1
BIG,1
CSV,1
LBTYA,0
AKRX,1
FRBK,1
BCRX,0
RNET,0
GT,1
ALEX,0
SPNS,1
AJG,1
ECOL,1
FR,1
CTS,1
A,1
XYL,1
SSD,1
SM,0
VOXX,0
FDP,1
SFL,1
FCE_A,1
MTDR,1
NM,0
FCEL,0
FUL,1
VCYT,0
FBHS,1
ANH,1
BDX,1
LMT,1
IIIN,1
CCK,1
ENV,1
HTZ,0
TUES,0
IP,1
TRMB,1
WLH,1
SMTC,1
CYH,0
NWS,0
AIG,1
AFL,1
TSN,1
EME,1
KSU,0
SUN,1
CRK,0
GEOS,0
OFIX,1
APOG,1
CRUS,1
AWK,1
LAMR,1
PBYI,0
ORIT,1
HD,1
PFIE,0
FIBK,1
TIF,1
AYR,1
TTS,0
KMPR,1
HL,1
CY,1
VMI,1
PII,0
TTC,1
NFLX,1
AFAM,1
HEAR,0
PEBO,1
PH,1
TISI,0
BREW,1
RAVN,0
PETS,1
UVE,1
AMED,1
MXWL,0
HXL,1
CHGG,1
MG,1
KMB,1
SHOS,0
MBFI,1
AMAG,0
PFE,1
OPK,0
MTB,1
FTD,0
ABCB,1
MNST,1
AKR,1
RMTI,0
PZZA,1
ADS,0
COTY,1
SANM,1
HAFC,1
PM,1
RBC,1
MASI,1
OCFC,1
EIG,1
REGI,0
AMBA,1
SNI,1
SJM,1
ATLO,1
USAP,0
ACIW,1
ZTS,1
CTT,1
TIVO,0
VMC,1
BCEI,0
ENTA,1
CBT,1
PAG,1
UDR,1
COBZ,1
FORR,1
HUN,1
MITT,1
ITIC,1
HBAN,1
ASCMA,0
EHTH,0
HVT,0
POL,1
PHH,0
TEX,1
FFIV,1
WBC,1
WG,0
PEGI,0
RTIX,1
VNTV,1
MON,1
BNFT,0
BXP,1
CBZ,1
STML,0
NOC,1
SFE,0
APD,1
MORN,1
NETE,0
AVY,1
EFX,1
BID,1
PRGO,0
UNM,1
RESI,0
CONE,1
EXPD,1
SHO,1
AE,0
GOOD,1
FCNCA,1
MRLN,1
IDCC,1
CHS,0
HASI,1
CDNS,1
ETFC,1
GSBC,1
GPN,1
AROW,1
CHMG,1
QTM,0
TIPT,0
YRCW,0
PDCO,0
POOL,1
TGH,0
AFSI,0
DAKT,0
PNK,1
TROX,1
CAG,1
CLX,1
MYE,1
BPFH,1
SXI,1
GAIN,1
CLFD,0
LQDT,0
EQR,1
HIIQ,1
JEC,1
CIEN,0
SCG,0
SIGM,1
GBCI,1
HLS,1
HURN,0
PACB,0
WDFC,1
CYS,1
SAIC,1
AL,1
CINF,1
LYV,1
EZPW,1
SCCO,1
ETH,1
WERN,1
ALCO,0
NL,1
CLI,1
CSS,1
SUNS,1
CUBI,1
NWBI,1
FDUS,1
UFI,1
UFPT,1
WAT,1
MA,1
LNCE,1
CRY,1
NBHC,1
SRPT,1
CB,1
IDTI,1
RNWK,0
EXPO,1
LWAY,0
MRTX,1
EXTR,1
ANF,0
CALM,1
TICC,1
RPAI,1
IDA,1
BGFV,0
MBII,0
AMGN,1
AMTD,1
LNT,1
BTX,0
HCKT,1
NBL,0
ETN,1
NEOG,1
IGT,1
TTEC,1
LAYN,0
HRL,1
BKD,0
LECO,1
CHH,1
AWR,1
KMI,0
HTBK,1
GTXI,0
EEFT,1
AXDX,1
PRU,1
DRH,1
REG,1
EXR,1
ALB,1
RRC,0
VRX,0
NGVC,0
PKI,1
JAKK,0
THRM,1
MITK,1
SCMP,1
GBLI,1
PHX,1
TCPC,1
CHUY,0
WAC,0
BK,1
CRL,1
PLUS,1
LPI,0
HTH,1
POR,1
HRZN,1
VDSI,1
RBCAA,1
PANW,1
KFRC,1
NDSN,1
TMUS,1
IMGN,0
ZNGA,1
LTC,1
GOOGL,1
PMT,1
OCN,0
GWR,0
VSTM,0
PXD,0
MATW,1
PRTA,1
CSU,0
AKS,0
MTOR,1
TTPH,0
PTLA,1
GHC,1
D,1
DDS,0
GXP,1
PF,1
MOFG,1
OXY,0
PHM,1
RNST,1
SNA,1
MTH,1
CMCO,1
RJF,1
ARC,0
AYI,1
BMTC,1
EXAC,1
TAT,0
LOGM,1
TIS,0
STMP,1
BA,1
THS,0
NTAP,1
MOS,0
CRD_B,1
ARCC,1
HSTM,0
CLF,0
TTI,0
DTE,1
HRS,1
FE,1
LH,1
RGA,1
TER,1
TMP,1
UIS,0
ECL,1
VOYA,1
LGND,1
CTAS,1
KEYW,0
MRC,0
ANAT,1
SKX,1
SAIA,1
DGII,0
SNMX,0
CPRT,1
BOFI,1
OFLX,1
PBPB,0
NLNK,0
STT,1
BKMU,1
CNC,1
KSS,1
SAVE,1
VGR,1
LAZ,1
X,1
VLY,1
AMSWA,1
MTZ,1
ENPH,0
ERII,1
FFG,1
ARII,1
ORM,1
EGP,1
CGNX,1
NDLS,0
BANF,1
HCSG,1
ALLE,1
MHO,1
EBIX,1
BKCC,0
COR,1
EVC,1
SONC,1
ISRG,1
LNC,1
NKTR,1
HCP,0
MTX,1
TBI,1
INWK,1
VLGEA,0
LUB,0
PSB,1
BKS,0
ZEUS,0
MWA,1
CTSH,1
HCCI,1
AP,0
DVN,0
TCBK,1
HHS,0
S,0
WGO,1
FDEF,1
SPA,0
CBOE,1
PAYX,1
BDC,1
AGYS,0
ALE,1
DE,1
PERY,1
FFBC,1
PFLT,1
AGN,1
CRAI,1
KVHI,0
UFS,1
ATEC,0
APC,0
SQBG,0
WDAY,1
GRPN,0
MLAB,1
MN,0
GORO,1
SRCE,1
NI,1
THR,0
BGC,1
CUI,0
ELY,1
SO,1
IMMR,0
WHR,1
ADUS,1
ALOG,0
CXW,0
MTSI,1
DHX,0
WABC,1
CPSS,0
MIDD,1
CHDN,1
WLL,0
GLNG,0
AT,0
PRGS,1
MOH,1
LEG,1
OMC,1
GSIT,1
VVC,1
BIOS,0
SHW,1
BFIN,1
PETX,0
SSTK,0
BOKF,1
HBIO,0
HOV,0
WBA,1
PEIX,0
CLDT,1
GBDC,1
NWSA,0
AVA,1
KFY,1
CPLA,1
MRCY,1
NNVC,0
FCX,0
IVR,1
COF,1
CLW,0
SCI,1
GPC,1
EMR,1
AMSC,0
HAWK,1
FFIC,1
TZOO,0
GSVC,0
GTS,1
MNKD,0
PCLN,1
AWI,1
IPXL,0
NVEC,1
HTLF,1
RNG,1
UBSH,1
WMC,1
CYTK,1
JOUT,1
MU,1
DHIL,1
EPAY,0
FSS,1
AEL,1
CPST,0
LCUT,1
BSTC,1
MOSY,0
TOWR,1
GD,1
TMO,1
WCG,1
AMD,1
AGX,1
LII,1
RTEC,1
BNCL,1
HCN,1
PRAA,0
QDEL,1
UNFI,0
MYL,0
CRR,0
EIX,1
PNFP,1
DFS,1
ALXN,0
XOM,0
TYPE,0
CRAY,0
TAST,1
OLBK,1
BOBE,1
LHO,1
PBCT,1
GERN,0
INTX,0
JBLU,1
OPHT,0
CTRL,1
TCBI,1
SAMG,1
ROL,1
VSAT,1
COHU,1
IBM,0
MIND,0
STAA,0
DUK,1
TITN,1
NTGR,1
VOD,0
KWR,1
PLOW,1
STX,0
ALGT,1
WAIR,0
CIM,1
IPG,1
NVAX,0
SIGI,1
CALL,0
OFC,1
WTS,1
XOMA,0
MLI,1
SLAB,1
WTM,0
JNJ,1
FC,1
IT,1
EXEL,1
OMEX,0
RWT,1
GBX,1
MGI,0
PTX,0
SWX,1
NRZ,1
WASH,1
PNNT,0
BIOL,0
LFUS,1
FELE,1
BLK,1
KAI,1
AIN,1
SXT,1
RXN,0
OCLR,1
VAC,1
EGHT,1
SPTN,1
NXST,1
HEES,1
VNO,1
AXE,0
GTT,1
HOLX,1
PLCE,1
GPOR,0
SJI,1
DPZ,1
BCC,1
HP,0
CFX,0
JBT,1
BV,0
LANC,1
FRME,1
MCHP,1
NCMI,0
DGX,1
PVH,1
KTOS,1
DLX,1
AMG,0
FHN,1
AAN,1
KEM,1
WWW,0
OII,0
MD,1
RE,1
IFF,1
OXFD,0
WFC,1
CALX,0
BPOP,1
POST,1
TREE,1
OHI,1
BLL,1
TDG,1
SIRI,1
WSM,0
MKTX,1
BAH,1
ALK,1
CONN,0
OTTR,1
MED,1
HNI,1
ARWR,0
MCY,1
FANG,1
FLXS,1
POWL,0
AFG,1
MSFT,1
PQ,0
USB,1
GLW,1
URI,1
KORS,0
CRMT,1
LTS,1
NCLH,1
C,1
MSI,1
SNCR,0
HPP,1
BPI,0
IDRA,0
NMFC,1
CRM,1
CBI,0
MAS,1
BRKR,1
CHSP,1
CUTR,1
NNA,0
MATX,1
ICUI,1
CGI,0
PEG,1
HE,1
UTMD,1
CCF,1
ACCO,1
CCRN,1
AGEN,1
CAT,1
CBB,1
ESRT,1
NLS,1
LUK,0
ATNM,0
CCO,0
AVB,1
RST,1
PDFS,0
CSL,1
TECH,1
BRS,0
NYT,1
GME,0
PICO,0
CVS,1
PCYO,1
RH,1
LBY,0
HDNG,1
FSP,1
CCI,1
HBHC,1
BMRN,1
BCO,1
LLY,1
PDCE,1
TNAV,0
NRG,1
ZUMZ,0
CBM,1
CPSI,0
NLY,1
PGNX,1
PFIS,1
PFMT,0
XLRN,1
TFSL,1
BWINB,1
HSNI,0
JBL,1
MRK,1
ROIC,1
KMX,1
ODC,1
ABC,1
RAD,0
FLIR,1
ACHN,0
EXPR,0
CCC,1
JACK,1
GHM,0
NCR,1
NEU,1
RIGL,1
PLT,1
RDI,1
NATR,0
MKSI,1
BGCP,1
SYK,1
FINL,0
VCRA,1
NSC,1
WTR,1
WTBA,1
CAMP,0
STFC,1
CSBK,1
RCII,0
ACGL,1
EPZM,0
USCR,1
FIZZ,1
ARE,1
CNBKA,1
EWBC,1
BMRC,1
DX,1
CPB,1
STNG,0
ITT,1
SKYW,1
PPHM,0
UCTT,1
ADSK,1
CCBG,1
JW_A,1
TWI,0
IIVI,1
RMBS,1
BF_B,1
SBH,0
T,1
MNK,0
COG,0
VRA,0
AON,1
AMP,1
VR,1
GNMK,0
TILE,1
B,1
BPTH,0
GNTX,1
WBS,1
MSL,0
GOV,1
MCS,1
MUSA,1
SPSC,0
MCRI,1
AAOI,1
ITRI,1
ENSG,1
SUPN,1
XNCR,1
PEB,1
ENTG,1
NBTB,1
CLH,0
SEB,1
BWLD,1
WEX,1
CVLT,0
CHFC,1
SCM,1
DXLG,0
LXFT,1
SMRT,0
RLJ,1
CSCO,1
LRCX,1
INO,0
GDOT,1
MPAA,1
KS,0
WGL,1
GIII,1
TRIP,0
COKE,1
DRI,1
STBA,1
USG,1
AMRC,0
SBSI,1
ANIK,1
CMC,1
EW,1
TXT,1
RF,1
GCAP,1
DLB,1
AVX,1
SPG,1
UFPI,1
DHT,0
ACN,1
CVI,1
SEAC,0
CNK,1
CTL,0
RM,0
CATM,0
BEN,0
CTB,1
MTGE,1
RPT,1
CFFN,1
AERI,1
CCXI,1
LM,1
LMNR,0
PLUG,1
BUSE,1
SYNT,0
INDB,1
CA,1
SLB,0
MDP,1
EV,1
O,1
FITB,1
SRCL,0
CWCO,1
ODFL,1
RMAX,1
CALD,1
NC,0
SP,1
PCTI,0
EGAN,0
SMP,1
TCRD,0
BAX,1
EGN,0
FLT,1
USNA,1
HWKN,1
RSYS,0
AXAS,0
HBNC,1
HMSY,0
ESSA,1
AHC,1
CTO,1
HOS,0
OAS,0
PLD,1
BHB,1
ED,1
CIX,1
CSGS,1
IPAR,1
AAP,0
VRSK,1
SEAS,0
HII,1
IOSP,1
NWN,1
TRI,1
WSBF,1
ONVO,0
CAC,1
ENDP,0
MGRC,1
HZNP,1
FIVE,1
STZ,1
CTWS,1
CATO,0
ODP,0
BCOV,0
MSFG,1
NSTG,0
AEE,1
MCC,0
ANTM,1
PCH,1
TSRO,1
CME,1
ECOM,0
CHTR,1
SGMS,1
SCL,1
FSTR,0
PERI,0
BOH,1
EDR,1
INGR,1
RUTH,1
CFR,1
IDXX,1
CYTR,0
QGEN,1
WAFD,1
QTS,1
ERIE,1
RHT,1
AOSL,1
MDLZ,1
FLR,0
WSFS,1
GST,0
NHC,1
STI,1
WINA,1
AGCO,1
CTBI,1
RGLS,0
UEC,0
VC,1
DXYN,0
LXRX,0
SLGN,1
KRNY,1
AAL,1
NWL,1
ENT,0
SNHY,1
ORN,0
TJX,1
AMC,0
LXP,1
SPWR,0
SIVB,1
IEX,1
SCVL,0
JNPR,1
COL,1
FLS,0
CHD,1
CAKE,1
CUBE,1
USLM,1
OSTK,1
BAS,0
MMI,1
HIG,1
CECE,0
PEI,0
INTU,1
POWI,1
TGI,0
GNRC,0
WY,1
CIT,1
HALO,1
OFG,0
ECYT,0
BELFB,1
ESIO,1
EIGI,0
DG,1
DIS,1
AMNB,1
III,1
KAMN,1
UCBI,1
DSPG,1
CBU,1
MANH,1
HOFT,1
MS,1
ROG,1
GNCMA,1
VNDA,1
HF,1
AME,1
REXR,1
GFF,1
STRL,1
STE,1
WRLD,0
WPX,0
FNGN,0
FVE,0
APH,1
ACOR,0
BRK_B,1
FCF,1
FMBI,1
BWA,0
GAIA,1
MOD,1
CPN,0
SENEA,0
ASH,0
DATA,1
TOL,1
COLB,1
HUM,1
DCO,0
PFPT,1
DECK,0
REXX,0
SLCA,0
CRS,0
TRN,1
EPAM,1
RGLD,1
HMHC,0
MTRX,0
IPI,0
FIX,1
NYCB,0
NEO,1
MRTN,1
INN,1
UNH,1
SAM,0
KMG,1
SATS,1
KRA,1
LNDC,0
ENZ,1
CTG,0
PFG,1
UHS,1
EBS,1
PROV,1
TSLA,1
CVCO,1
SHLO,0
SCHW,1
CUR,0
WEYS,1
DF,0
OLN,1
OMCL,1
LKFN,1
BRKL,1
CVGW,1
NR,0
LLNW,1
AHH,1
AIT,1
AGII,1
KND,0
LPLA,1
ANGI,0
REN,0
HBI,1
FB,1
BGS,1
DRE,1
P,0
KEX,0
INT,0
ROCK,1
SPAR,1
TWMC,0
DXPE,0
RGS,1
TAP,1
AXL,0
NVDA,1
WOR,1
TGTX,1
MCO,1
PCAR,1
MFA,1
CPF,1
CEVA,1
WEN,1
CPE,1
FET,0
ROP,1
LVNTA,1
CNMD,1
VNCE,0
MSA,1
BP,1
WMT,1
XRM,0
GARS,0
SEM,1
BC,1
VZ,1
NXTM,1
AZPN,1
MGLN,1
FAF,1
MDSO,1
AMCX,0
STLD,1
AGM,1
LKQ,1
DCI,1
AREX,0
HURC,1
SNX,1
CAVM,1
FBC,1
VMW,1
EFSC,1
HSIC,1
MRVL,1
RPRX,0
CDE,0
EMN,1
JMBA,0
MDT,1
RL,0
FISI,1
FNHC,1
HCA,1
SRI,1
IRET,0
FRAN,0
PGR,1
APA,0
OKE,1
SXC,0
YELP,0
BGG,1
HES,0
NAVG,1
PAY,0
NVR,1
UIHC,1
NWY,0
K,1
GALT,0
QNST,0
XON,0
KBH,1
LSCC,1
ASPS,0
CLUB,0
BIIB,1
DEST,0
HAIN,0
WRI,1
CLGX,1
HI,1
NDAQ,1
UCFC,1
TREX,1
AXS,1
RVLT,0
HWCC,0
CVO,0
CNP,1
MNTX,0
WWE,1
GTN,1
SWM,1
WR,1
CORT,1
UVSP,1
DISCA,0
MNRO,1
BIO,1
IVAC,0
VVI,1
DVAX,0
ALL,1
TUP,0
IR,1
FFIN,1
PSX,1
FBNK,1
FULT,1
TBBK,0
LOPE,1
CLCT,1
MINI,0
HIW,1
ELS,1
HSC,0
MPX,1
WU,1
IRM,1
FWRD,1
TDS,1
EBAY,1
MPC,1
AMKR,1
IHC,1
TWTR,0
ANIP,1
NSP,1
GGP,1
LYTS,0
SYKE,1
MSCI,1
CHKP,1
ASGN,1
PDLI,0
PWR,1
ARI,1
JPM,1
MMC,1
OMER,1
RRD,0
WTW,1
XPO,1
MRIN,0
USM,0
PRIM,0
GMED,1
FDS,1
WMK,0
KIRK,0
CCE,0
SFLY,0
BCPC,1
ACAD,1
HFWA,1
MAC,1
DRQ,0
VFC,1
PRFT,0
TXMD,1
CSX,1
PNR,0
MSCC,1
SWKS,1
AHL,1
FFNW,1
OGE,1
ECPG,0
CMTL,0
CIDM,0
VHC,0
ADM,1
PNC,1
KBR,0
RDN,1
GLT,0
HRB,1
PES,0
GVA,1
NOG,0
CATY,1
FTI,0
GM,1
SCHL,1
GBNK,1
OLP,1
BBG,0
TK,0
CNOB,1
CVBF,1
DENN,1
SPN,0
USPH,1
TDW,0
SALT,0
VRSN,1
JJSF,1
DDR,0
CNS,1
NTRI,1
HTLD,1
ACRE,1
WIRE,0
KEY,1
MAIN,1
ATRC,0
NGS,0
NJR,1
RHI,1
MNI,0
ARAY,0
DWSN,0
ESGR,1
PBH,1
EE,1
CPT,1
NATI,1
RLGY,0
IMI,0
MDU,0
MSM,1
RP,1
SRE,1
UTI,0
SCS,1
OSUR,1
RRGB,0
SON,1
UAA,0
NCS,1
TNK,0
CLD,0
PRGX,1
PRI,1
CETV,1
RSO,0
STRT,0
EPR,1
CASS,0
DISCK,0
SJW,1
GMO,0
MKL,1
NEON,0
BANC,1
PFBC,1
TRMK,1
CSII,0
BDSI,0
AIV,1
CHRW,1
NANO,1
ZIXI,0
RFP,0
AVT,0
OZRK,1
WDR,0
TSS,1
MPW,1
CBSH,1
BEAT,1
TTMI,1
PPBI,1
DNR,0
TYL,1
CRIS,0
XRAY,1
ADTN,0
RGEN,1
UGI,1
IDT,0
PKE,0
FNSR,0
ESE,1
AEO,1
BFS,1
MAA,1
WLB,0
SGMO,1
MCHX,0
CTXS,1
DMRC,1
WHG,1
KO,1
GILD,1
MLNK,0
QLYS,1
TXRH,1
WCN,1
DFRG,0
ES,1
PWOD,1
SREV,0
ITG,0
H,1
CERN,1
EQT,0
ACRX,0
EVHC,0
MSTR,1
ORLY,1
TWX,1
ZION,1
FORM,1
EXAS,1
PGC,1
LVS,1
SIR,1
SLG,1
TRST,1
ANSS,1
FCBC,1
CBG,1
SSNC,1
KPTI,0
EBTC,1
BCOR,0
RDNT,1
ESL,0
PCRX,0
CRVL,1
ISBC,1
AGNC,1
JKHY,1
PLPC,1
RMD,1
KMT,1
ATR,1
RPM,1
CSGP,1
WETF,0
WMB,0
UHT,1
CMP,1
BBW,1
XEL,1
IRWD,1
FBP,0
JONE,0
GNC,0
PJC,1
DOC,1
BRC,1
PG,1
CENTA,1
XL,1
PRA,1
PSEC,1
ABG,1
ACM,1
VIVO,0
INFI,0
CXO,1
ORA,1
CNA,1
FRT,1
WM,1
TMHC,1
ALIM,0
ACC,1
DAVE,0
HTBI,1
HAE,1
BOOM,1
BKU,1
BXS,1
KELYA,1
MLM,1
YORW,1
RUSHA,1
SNH,1
ALNY,1
HALL,1
EPM,0
ACTG,0
PDM,1
DCOM,1
KNX,1
MBI,0
WDC,1
BYD,1
REX,1
AEGN,1
FOXA,1
DOX,1
ILMN,1
MMS,1
OSK,1
PRKR,0
IBKR,1
SPB,1
LEN,1
LSTR,1
MTW,0
FRO,0
SIG,0
GTY,1
BRSS,1
IART,1
CTRN,1
OC,1
MDC,1
HT,0
DST,1
LABL,1
BSX,1
HMN,1
CSFL,1
GLAD,1
TKR,1
SHLM,1
CKH,0
FF,0
CIA,0
SMG,1
ICPT,0
FARM,1
BERY,1
RECN,1
UBNT,1
GPX,0
EGL,0
URG,0
DEI,1
AAON,1
MYRG,1
BRK_A,1
FIS,1
RCL,1
GRC,1
MCK,1
CPK,1
MLR,1
SCSC,0
NUS,0
OMN,1
PNM,1
NTCT,1
WD,1
SBGI,1
TR,1
LBAI,1
AI,0
AMRS,0
BURL,1
FN,1
UMPQ,1
DHI,1
EMCI,1
KW,0
WSR,1
MOG_A,1
SYMC,1
CVG,1
CPA,0
WIX,1
Y,1
AMBC,0
MMSI,1
MCD,1
TROW,1
CHE,1
DDD,0
ACHC,0
LPSN,0
GPI,1
LCNB,1
TCS,0
BSFT,1
COO,1
DOOR,1
DLTR,1
NOV,0
AGIO,1
ANDE,0
IBOC,1
GLDD,0
KERX,0
AES,0
BBRG,0
REV,0
ALG,1
DNKN,1
BLKB,1
ALGN,1
ATO,1
CUZ,1
WYN,1
ATRS,0
XOXO,1
HEI,1
UEIC,1
KODK,0
TOWN,1
RAIL,0
NAV,1
TG,0
M,0
IRDM,1
QSII,0
NSIT,1
GRA,0
IBKC,1
MKC,1
IVC,0
FBIZ,1
EVTC,0
EL,1
WSTL,0
EXLS,1
TRXC,0
AEIS,1
SVVC,0
PGEM,1
NP,1
SNBC,1
PRK,1
DO,0
LNG,1
VECO,0
ARR,1
CSWC,0
RHP,1
CBS,0
ATRO,1
BHE,1
VSEC,1
CMG,0
VRTU,1
SHOO,1
GTLS,0
GNE,0
HK,0
CL,1
DORM,1
HOG,0
CWT,1
L,1
FOLD,1
SAH,0
PPL,1
OHRP,0
WCC,0
HNRG,0
ONB,1
COP,0
NYNY,1
MPWR,1
TEL,1
IPHS,1
AVAV,1
NFX,1
AIZ,1
FMC,1
MEI,1
EFII,0
UBSI,1
RES,1
CZNC,1
NKE,1
HRG,1
SBUX,1
NUE,1
FTK,0
TXN,1
REIS,1
MHK,1
GALE,0
MET,1
NLSN,0
AVNW,0
LGIH,1
GEF,1
SPRT,0
IRBT,1
APEI,0
VICR,1
JBSS,1
INTL,1
HLIT,0
MXIM,1
CLNE,0
UTL,1
TBNK,1
FNLC,1
CMI,1
KOP,1
WAB,1
CVA,1
VVUS,0
EA,1
EAT,0
NOW,1
AVD,0
CHFN,1
SEMG,0
KLAC,1
KOS,0
UNP,1
RTRX,1
IPHI,1
PHIIK,0
ARCB,1
CIR,0
SIX,1
LNN,1
BECN,1
HPT,1
HCOM,1
MRO,0
SSP,0
ESPR,1
FFKT,1
LPX,1
TCAP,0
PKOH,0
SHLD,0
SN,0
AAT,1
STAR,0
GWRE,1
UAL,1
HLX,0
HTA,1
TFX,1
RLI,1
ARNC,1
HON,1
AHP,0
INAP,0
RAS,0
PB,1
NUAN,1
FLO,1
PRLB,1
HHC,1
OMED,0
OREX,0
AHT,1
ARCW,0
USAK,1
IMPV,0
RRTS,0
EBSB,1
HUBG,1
ULTA,1
CENX,1
MDR,0
WYNN,0
ALX,1
CCNE,1
MDRX,0
CERS,0
BBT,1
NAVB,0
JLL,1
LLL,1
ESCA,1
LZB,1
IVZ,1
NNI,1
CECO,1
BBOX,0
WST,1
DLR,1
BRO,1
DPS,1
DVA,1
MGNX,0
BRKS,1
THO,1
CSOD,0
MLHR,1
SGA,0
WTFC,1
ROK,1
NWE,1
EVR,1
PNW,1
TRC,0
ZGNX,1
EOG,1
XONE,0
TRUE,1
LUV,1
GE,0
AVHI,0
RNR,1
MODN,1
CTIC,0
FARO,0
BLX,1
UTHR,1
IMKTA,1
LDOS,1
HELE,1
GHL,0
BFAM,1
MTSC,0
ZIOP,0
KOPN,0
PSMT,0
MANT,1
NX,1
TNC,1
FNF,1
PRSC,1
CREE,0
BH,0
KRO,1
SUI,1
LAD,1
PFSI,1
INFN,0
HAYN,0
THFF,1
AET,1
FCSC,0
BBY,1
DCT,1
UNF,1
JCP,0
AAWW,1
ACLS,1
SHEN,1
ADP,1
TTWO,1
PFS,1
RPXC,0
SYBT,1
DK,1
SBCF,1
UMBF,1
CDR,1
QADA,1
THG,1
ORBC,1
HR,1
FDX,1
DIOD,1
CMA,1
HBCP,1
CUDA,0
GOLD,1
MAT,0
TMK,1
LHCG,1
SBRA,0
ELLI,1
RGR,0
AMAT,1
ENS,1
FOXF,1
BSET,1
DAN,1
OPY,1
ULTI,1
PSA,1
